{
  "source_csvs": [
    "/Users/tommieverouden/Developer/tcm-control/source_python/tcm_control/example_spraytec_data/spraytec1_260304_115013_741600.csv",
    "/Users/tommieverouden/Developer/tcm-control/source_python/tcm_control/example_spraytec_data/spraytec2_260304_115045_245800.csv"
  ],
  "source_file_names": [
    "spraytec1_260304_115013_741600.csv",
    "spraytec2_260304_115045_245800.csv"
  ],
  "metadata_by_category": {
    "%Cv": {
      "%Cv(R=0)": 100,
      "%Cv(R=15)": 100,
      "%Cv(R=30)": 100,
      "%Cv(R=45)": 100,
      "%Cv(R=60)": 100,
      "%Cv(R=75)": 100,
      "%Cv(R=90)": 100,
      "%Cv(R=100)": 100
    },
    "%N < 10\ufffd": {
      "%N < 10\ufffd(Average)": null,
      "%N < 10\ufffd(Max)": null,
      "%N < 10\ufffd(Min)": null,
      "%N < 10\ufffd(Std)": null
    },
    "Bd": {
      "Bd[0]": 110.15271759,
      "Bd[1]": 112.253761292,
      "Bd[2]": 137.894485474,
      "Bd[3]": 108.263442993,
      "Bd[4]": 111.908401489,
      "Bd[5]": 106.00151825,
      "Bd[6]": 125.914878845,
      "Bd[7]": 134.941192627,
      "Bd[8]": 105.881362915,
      "Bd[9]": 106.566642761,
      "Bd[10]": 126.977600098,
      "Bd[11]": 124.976242065,
      "Bd[12]": 123.385437012,
      "Bd[13]": 124.536483765,
      "Bd[14]": 114.916801453,
      "Bd[15]": 112.160957336,
      "Bd[16]": 127.59400177,
      "Bd[17]": 111.424079895,
      "Bd[18]": 122.814399719,
      "Bd[19]": 105.512481689,
      "Bd[20]": 135.531997681,
      "Bd[21]": 137.268875122,
      "Bd[22]": 114.097839355,
      "Bd[23]": 138.664321899,
      "Bd[24]": 150.968887329,
      "Bd[25]": 104.857841492,
      "Bd[26]": 139.130081177,
      "Bd[27]": 130.652404785,
      "Bd[28]": 134.987121582,
      "Bd[29]": 155.478393555,
      "Bd[30]": 165.157684326,
      "Bd[31]": 168.339279175,
      "Bd[32]": 170.046722412,
      "Bd[33]": 207.366165161,
      "Bd[34]": 216.168167114,
      "Bd[35]": 200.893127441,
      "Bd[36]": 170.611923218,
      "Bd[M]": 0
    },
    "Bl": {
      "Bl[0]": 24305.3769531,
      "Bl[1]": 210.937713623,
      "Bl[2]": 146.980712891,
      "Bl[3]": 133.87600708,
      "Bl[4]": 110.236221313,
      "Bl[5]": 106.318252563,
      "Bl[6]": 77.3997802734,
      "Bl[7]": 72.7849121094,
      "Bl[8]": 66.2107925415,
      "Bl[9]": 58.4605331421,
      "Bl[10]": 50.7519378662,
      "Bl[11]": 53.1906929016,
      "Bl[12]": 41.7132492065,
      "Bl[13]": 38.6097373962,
      "Bl[14]": 30.4264640808,
      "Bl[15]": 28.4782409668,
      "Bl[16]": 25.3387699127,
      "Bl[17]": 26.3440341949,
      "Bl[18]": 19.8084259033,
      "Bl[19]": 19.0108566284,
      "Bl[20]": 16.0534725189,
      "Bl[21]": 13.3871717453,
      "Bl[22]": 11.1364307404,
      "Bl[23]": 10.7143354416,
      "Bl[24]": 7.64356613159,
      "Bl[25]": 14.3305673599,
      "Bl[26]": 12.8034114838,
      "Bl[27]": 204.781417847,
      "Bl[28]": 9.77390384674,
      "Bl[29]": 24.1878585815,
      "Bl[30]": 11.1731052399,
      "Bl[31]": 15.5067844391,
      "Bl[32]": 5.55278539658,
      "Bl[33]": 2.91596484184,
      "Bl[34]": 1.0902518034,
      "Bl[35]": 0.609055876732,
      "Bl[36]": 0.260565280914,
      "Bl[M]": 854.393859863
    },
    "Cv": {
      "Cv(Average)": null,
      "Cv(Max)": null,
      "Cv(Min)": null,
      "Cv(Std)": null
    },
    "D[3][2]": {
      "D[3][2](Average)": null,
      "D[3][2](Max)": null,
      "D[3][2](Min)": null,
      "D[3][2](Std)": null
    },
    "D[4][3]": {
      "D[4][3](Average)": null,
      "D[4][3](Max)": null,
      "D[4][3](Min)": null,
      "D[4][3](Std)": null
    },
    "Dc": {
      "Dc[0]": 28249.2890625,
      "Dc[1]": 0.980748295784,
      "Dc[2]": 1,
      "Dc[3]": 0.98927038908,
      "Dc[4]": 0.989938020706,
      "Dc[5]": 0.98652780056,
      "Dc[6]": 0.984625220299,
      "Dc[7]": 0.979995846748,
      "Dc[8]": 0.983023524284,
      "Dc[9]": 0.976302266121,
      "Dc[10]": 0.975147783756,
      "Dc[11]": 0.971791803837,
      "Dc[12]": 0.973726451397,
      "Dc[13]": 0.965318381786,
      "Dc[14]": 0.971128940582,
      "Dc[15]": 0.961068272591,
      "Dc[16]": 0.967939198017,
      "Dc[17]": 0.956213235855,
      "Dc[18]": 0.962154567242,
      "Dc[19]": 0.970239400864,
      "Dc[20]": 0.971211969852,
      "Dc[21]": 0.966051876545,
      "Dc[22]": 0.964245021343,
      "Dc[23]": 0.966036915779,
      "Dc[24]": 0.968419790268,
      "Dc[25]": 0.969156384468,
      "Dc[26]": 0.973946988583,
      "Dc[27]": 0.974283635616,
      "Dc[28]": 0.967024326324,
      "Dc[29]": 0.9725933671,
      "Dc[30]": 0.972614943981,
      "Dc[31]": 0.973985075951,
      "Dc[32]": 0.969319164753,
      "Dc[33]": 0.977032959461,
      "Dc[34]": 0.750940620899,
      "Dc[35]": 0.745995640755,
      "Dc[36]": 0.74782961607,
      "Dc[M]": 474.346862793
    },
    "Dn": {
      "Dn(10)(Average)": null,
      "Dn(10)(Max)": null,
      "Dn(10)(Min)": null,
      "Dn(10)(Std)": null,
      "Dn(50)(Average)": null,
      "Dn(50)(Max)": null,
      "Dn(50)(Min)": null,
      "Dn(50)(Std)": null,
      "Dn(90)(Average)": null,
      "Dn(90)(Max)": null,
      "Dn(90)(Min)": null,
      "Dn(90)(Std)": null
    },
    "Particle RI": {
      "Particle RI (absorption)": 0,
      "Particle RI (real)": 1.33000004292
    },
    "RY": {
      "RY (mm):": 10
    },
    "RZ": {
      "RZ (mm):": 10
    },
    "Span": {
      "Span(Average)": null,
      "Span(Max)": null,
      "Span(Min)": null,
      "Span(Std)": null
    },
    "Trans": {
      "Trans(Average)": null,
      "Trans(Max)": null,
      "Trans(Min)": null,
      "Trans(Std)": null
    },
    "general": {
      "Analysis version": 1,
      "Automatic first scatter channel": 0,
      "Average background error": 20000,
      "Average background warn": 800,
      "Average dark background error": 20000,
      "Average dark background warn": 10000,
      "Averaging period": 0,
      "Background end": 36,
      "Background start": 1,
      "Background transmission error": 25,
      "Background transmission warn": 50,
      "Company": null,
      "Correlation shift": 0,
      "Curve fit": "No fit",
      "Density": 1,
      "Detector end": 36,
      "Detector serial number": "EC09-CDL",
      "Detector start": 1,
      "Dispersant RI": 1,
      "Event": [
        1,
        2
      ],
      "Experiment delay": 0,
      "First scatter channel": 1,
      "Gain": "???",
      "Instrument": "Spray",
      "Laser Wavelength": "w =  632.8 (nm)",
      "Laser beam": "w0 = 10.00 (mm)",
      "Lens": "300mm",
      "Lot": "Droplet no.",
      "Lot Value": [
        1,
        2
      ],
      "Material": "Water",
      "Maximum size": 1000,
      "Mesh Factor": 0,
      "Min. scatter error": 0,
      "Min. scatter warn": 250,
      "Min. transmission error": 0,
      "Min. transmission warn": 10,
      "Minimum size": 0.0500000007451,
      "Multiple Scattering": 1,
      "Notes": "First tests",
      "Nrr": 0,
      "Operator": "local_user",
      "Path Length": 100,
      "Peak background error": 20000,
      "Peak background warn": 2000,
      "Peak dark background error": 20000,
      "Peak dark background warn": 10000,
      "Scattering threshold": 1,
      "Sequence": null,
      "Source Name": null,
      "Source Type": null,
      "System serial number": "MAL1320656",
      "Unnamed: 315": null,
      "Xrr": 0,
      "Y": 0,
      "Z": 50,